com.macromedia.Lotstring,Bamity,2.29,php.net
com.hc360.Asoka,Asoka,1.1,virginia.edu
au.gov.oaic.Transcof,Redhold,2.46,tmall.com
com.intel.Voltsillam,Alphazap,0.87,moonfruit.com
com.ebay.Subin,Matsoft,0.4.4,buzzfeed.com
com.time.Alphazap,Trippledex,0.63,addthis.com
com.newsvine.Gembucket,Quo Lux,0.4.8,skyrock.com
com.ft.Konklab,Toughjoyfax,0.81,blog.com
us.tx.state.Veribet,Ventosanzap,3.9.3,liveinternet.ru
com.biblegateway.Veribet,Hatity,7.6.6,linkedin.com
com.angelfire.Vagram,Bitchip,0.6.5,statcounter.com
com.mashable.Cardguard,Zoolab,0.17,surveymonkey.com
com.deviantart.Job,Regrant,2.3,myspace.com
com.storify.Mat Lam Tam,Veribet,0.89,google.ca
org.dyndns.Aerified,Konklux,8.8,cornell.edu
com.bigcartel.Toughjoyfax,Quo Lux,9.9.6,slashdot.org
io.github.Quo Lux,Biodex,1.7.6,deliciousdays.com
com.yelp.Cardify,Tempsoft,3.91,fotki.com
com.wikispaces.Tres-Zap,Trippledex,2.74,jiathis.com
com.angelfire.Keylex,Treeflex,0.6.8,sogou.com
com.nature.Duobam,Keylex,4.4,domainmarket.com
uk.nhs.Trippledex,Redhold,0.35,histats.com
uk.ac.cam.Pannier,Alphazap,0.52,yandex.ru
edu.si.Hatity,Vagram,8.6.1,themeforest.net
com.blogger.Holdlamis,Bitchip,0.5.4,state.gov
de.google.Bigtax,Flexidy,9.2,tmall.com
com.cloudflare.Y-find,Subin,0.8.6,europa.eu
com.hexun.Mat Lam Tam,Vagram,0.34,cyberchimps.com
ru.liveinternet.Kanlam,Job,9.2.2,mac.com
com.walmart.Wrapsafe,Voyatouch,0.69,spiegel.de
com.accuweather.Rank,Tresom,0.78,amazon.de
uk.co.guardian.Latlux,Alphazap,0.33,businessweek.com
org.wikimedia.Viva,Viva,8.7,meetup.com
de.e-recht24.Ronstring,Fix San,7.56,who.int
com.shareasale.Aerified,Matsoft,9.7,huffingtonpost.com
gov.noaa.Prodder,Pannier,5.82,google.cn
com.yellowbook.Zamit,Hatity,0.5.8,surveymonkey.com
com.istockphoto.Fix San,Prodder,7.16,netscape.com
com.icq.Ronstring,Pannier,0.9.8,amazon.com
com.icq.Alphazap,Job,0.8.1,biblegateway.com
com.hao123.Ventosanzap,Hatity,8.6,1und1.de
com.accuweather.Home Ing,Tampflex,8.5.2,t.co
uk.co.timesonline.Mat Lam Tam,Prodder,6.23,dailymotion.com
cn.google.Hatity,Pannier,0.50,skype.com
com.bizjournals.Latlux,Asoka,0.3.8,fastcompany.com
com.forbes.Domainer,Transcof,0.88,tinypic.com
com.over-blog.Hatity,Home Ing,0.69,tinyurl.com
com.mtv.Holdlamis,Subin,0.13,latimes.com
com.parallels.Bitchip,Ventosanzap,8.3,instagram.com
com.acquirethisname.Ventosanzap,Viva,0.29,ted.com
com.naver.It,Quo Lux,0.4.1,domainmarket.com
org.w3.Ventosanzap,Flowdesk,7.4,cargocollective.com
com.slate.Ventosanzap,Y-Solowarm,3.0.4,cbsnews.com
pl.home.Hatity,Otcom,0.5.0,twitpic.com
la.51.Cardify,Bitwolf,0.9.2,cnet.com
com.freewebs.It,Namfix,0.28,weibo.com
uk.co.thetimes.Y-find,Fintone,1.16,sitemeter.com
net.slideshare.Andalax,Aerified,0.28,loc.gov
org.simplemachines.Fix San,Tempsoft,3.33,mayoclinic.com
com.yellowbook.Bitwolf,Matsoft,0.26,samsung.com
com.qq.Treeflex,Overhold,7.2.5,rediff.com
com.topsy.Redhold,Greenlam,3.78,miitbeian.gov.cn
com.zimbio.Redhold,Fixflex,8.8.9,hao123.com
ch.admin.Bitchip,Trippledex,0.4.1,china.com.cn
edu.illinois.Kanlam,Treeflex,0.25,fema.gov
com.samsung.Duobam,Bitchip,0.2.3,alibaba.com
jp.ne.biglobe.Hatity,Andalax,2.2.2,blogtalkradio.com
com.homestead.Treeflex,Tin,4.6,facebook.com
edu.wisc.Hatity,Vagram,4.3.4,samsung.com
com.cargocollective.Treeflex,Fixflex,0.6.2,naver.com
com.istockphoto.Flexidy,Span,0.28,mashable.com
com.usatoday.Duobam,Bamity,0.33,archive.org
com.blogspot.Zoolab,Gembucket,0.28,engadget.com
com.artisteer.Y-Solowarm,Stringtough,0.9.8,blogtalkradio.com
gov.state.Solarbreeze,Hatity,9.78,hc360.com
com.mayoclinic.Subin,Y-find,5.4.5,foxnews.com
net.discuz.Zaam-Dox,Zoolab,0.6.7,independent.co.uk
com.sphinn.Duobam,Tampflex,5.82,twitpic.com
com.imdb.Toughjoyfax,Tin,7.90,wikia.com
uk.co.bbc.Toughjoyfax,Subin,5.9.3,mozilla.org
com.vistaprint.Trippledex,Fixflex,7.4.9,businessweek.com
com.blog.Sonsing,Opela,2.4.3,dyndns.org
net.a8.Trippledex,Lotlux,9.35,howstuffworks.com
com.addthis.Voyatouch,Gembucket,0.4.7,is.gd
hk.com.google.Zaam-Dox,Gembucket,0.86,istockphoto.com
com.quantcast.Namfix,Vagram,3.0.6,myspace.com
fr.free.Transcof,Sub-Ex,0.8.1,t.co
au.gov.oaic.Asoka,Job,6.81,blog.com
uk.co.123-reg.Wrapsafe,Bigtax,2.1,berkeley.edu
com.tinypic.Konklux,Zaam-Dox,0.19,elegantthemes.com
com.stumbleupon.Tresom,Holdlamis,4.26,reference.com
com.aol.Mat Lam Tam,Solarbreeze,3.73,bluehost.com
com.yellowpages.Regrant,Alpha,0.80,ted.com
uk.ac.ox.Namfix,Flowdesk,2.1.0,naver.com
com.reverbnation.Stim,Lotlux,7.85,wufoo.com
com.canalblog.Prodder,Redhold,6.6,usatoday.com
com.google.Voyatouch,Y-find,0.1.8,pbs.org
com.time.Keylex,Asoka,4.14,parallels.com
cz.toplist.Wrapsafe,Zathin,0.32,tmall.com
jp.shop-pro.Namfix,Keylex,7.1,lulu.com
ru.narod.Konklab,Toughjoyfax,6.47,hao123.com
com.wikia.Stim,Overhold,0.83,wikispaces.com
fr.google.Zoolab,Zathin,0.6.5,booking.com
au.gov.privacy.Stronghold,Subin,0.26,accuweather.com
com.cisco.Matsoft,Greenlam,3.0,nytimes.com
com.sun.Matsoft,Keylex,7.2.3,cargocollective.com
com.bloglovin.Tampflex,Bitchip,8.3.7,angelfire.com
uk.co.independent.Y-find,Zontrax,5.60,google.com.hk
net.themeforest.Latlux,Stim,3.7.4,rediff.com
com.tmall.Zaam-Dox,Quo Lux,0.59,icio.us
com.tinyurl.Tresom,Mat Lam Tam,4.18,php.net
it.google.Biodex,Cardguard,0.67,prnewswire.com
nl.google.Tempsoft,Zoolab,1.48,nih.gov
com.netscape.Fintone,Wrapsafe,7.6.3,washington.edu
cn.desdev.Zaam-Dox,Domainer,0.9.5,flickr.com
ru.liveinternet.Opela,Bitwolf,6.66,liveinternet.ru
com.zdnet.Otcom,Sonair,4.9,amazon.co.jp
com.chronoengine.Biodex,Prodder,0.5.5,furl.net
com.stumbleupon.Pannier,Rank,2.1,buzzfeed.com
org.wikimedia.Mat Lam Tam,Tresom,0.88,netscape.com
cz.toplist.Lotstring,Temp,0.9.5,godaddy.com
com.cafepress.Zontrax,Daltfresh,8.5.6,sakura.ne.jp
com.bing.Transcof,Mat Lam Tam,6.7,xing.com
uk.co.timesonline.Fix San,Cookley,8.13,aboutads.info
au.com.smh.Span,Sonair,2.92,google.pl
jp.exblog.Sonair,Pannier,8.9,sciencedirect.com
io.pen.Flexidy,Cardguard,6.97,cocolog-nifty.com
cn.com.sina.Regrant,Veribet,0.3.2,hostgator.com
com.techcrunch.Home Ing,Regrant,3.8.4,mapquest.com
com.ted.Veribet,Stronghold,3.50,acquirethisname.com
com.usnews.Gembucket,Tin,2.44,senate.gov
jp.i2i.Pannier,Otcom,0.2.6,shutterfly.com
uk.co.ebay.Ventosanzap,Zoolab,2.1.2,kickstarter.com
com.cdbaby.Y-Solowarm,Daltfresh,0.1.1,photobucket.com
com.huffingtonpost.Zaam-Dox,Treeflex,0.4.1,cmu.edu
com.soundcloud.Tresom,Span,6.9.3,xrea.com
cz.mapy.Voyatouch,Veribet,4.1,un.org
com.arstechnica.Domainer,Stringtough,8.5.4,house.gov
edu.cmu.Daltfresh,Bitwolf,0.66,columbia.edu
com.ifeng.Fix San,Cardify,6.8.5,sourceforge.net
com.marketwatch.Gembucket,Tres-Zap,9.53,wiley.com
com.163.Zamit,Otcom,0.6.7,cmu.edu
pl.home.Y-find,Sub-Ex,8.9,elpais.com
com.macromedia.Ventosanzap,Temp,7.42,oaic.gov.au
com.multiply.Bitchip,Transcof,3.95,digg.com
com.cnn.Stronghold,Prodder,7.3,berkeley.edu
org.wordpress.Opela,Subin,0.31,reference.com
com.storify.Opela,Zamit,0.2.5,thetimes.co.uk
com.dedecms.Kanlam,Ventosanzap,1.2.5,bbb.org
jp.japanpost.Job,Fintone,0.9.8,dion.ne.jp
com.cbsnews.Zontrax,Tampflex,5.0.7,sitemeter.com
com.flickr.Stringtough,Zamit,3.7.6,behance.net
me.about.Zoolab,Namfix,0.2.7,blogger.com
com.tripadvisor.Prodder,Home Ing,0.7.7,de.vu
gov.hud.Keylex,Bigtax,0.7.4,webs.com
com.myspace.Mat Lam Tam,Greenlam,3.78,yolasite.com
it.tuttocitta.Biodex,Biodex,3.9.1,examiner.com
com.answers.Matsoft,Quo Lux,0.1.3,google.com.au
com.netscape.Keylex,Treeflex,6.37,jalbum.net
com.pcworld.Alphazap,Tempsoft,0.50,goodreads.com
ru.liveinternet.Span,Subin,2.8.6,google.nl
org.drupal.Tres-Zap,Alphazap,7.22,ask.com
com.tumblr.Cardify,Cardify,3.70,thetimes.co.uk
com.cnbc.Zontrax,Stronghold,0.93,artisteer.com
us.icio.Zathin,Zontrax,8.4,ning.com
com.foxnews.Konklab,Cookley,0.76,senate.gov
org.gmpg.Bitwolf,Wrapsafe,4.1.9,amazon.co.jp
me.flavors.Holdlamis,Toughjoyfax,8.71,apple.com
com.theguardian.Gembucket,Ventosanzap,3.3.3,cocolog-nifty.com
com.deliciousdays.Ronstring,Domainer,6.7.5,t.co
edu.cornell.Redhold,Voltsillam,2.04,google.com.au
com.hexun.Opela,Rank,2.35,ucoz.ru
com.wp.Sub-Ex,Tresom,6.1,ebay.co.uk
com.parallels.Veribet,Sub-Ex,9.28,paypal.com
com.globo.Quo Lux,Toughjoyfax,0.21,mapy.cz
com.linkedin.Duobam,Prodder,0.3.4,dailymotion.com
com.hao123.Tempsoft,Domainer,9.61,wsj.com
cn.desdev.Asoka,Vagram,0.4.4,sbwire.com
com.forbes.Stim,Namfix,0.17,addtoany.com
au.gov.privacy.Ventosanzap,Pannier,7.65,fc2.com
com.yellowbook.Treeflex,Flowdesk,3.39,xing.com
com.ehow.Y-find,Konklux,0.59,seattletimes.com
com.barnesandnoble.Cardguard,Flexidy,3.69,reference.com
gov.epa.Job,Y-find,4.2.4,theguardian.com
gov.senate.Tin,Greenlam,5.99,reddit.com
com.examiner.Domainer,Sub-Ex,5.2,reuters.com
gov.census.Quo Lux,Fintone,0.70,cam.ac.uk
com.soundcloud.Lotlux,Job,0.5.0,nbcnews.com
jp.japanpost.Pannier,Sonair,0.5.7,sakura.ne.jp
com.lulu.Bigtax,Trippledex,0.5.8,europa.eu
au.gov.privacy.Opela,Toughjoyfax,0.50,mayoclinic.com
org.redcross.Fix San,Viva,8.4.4,lulu.com
com.java.Zaam-Dox,Asoka,8.8,hud.gov
com.yahoo.Toughjoyfax,Stim,0.55,wiley.com
ca.cbc.Holdlamis,Cookley,0.6.4,myspace.com
com.tumblr.Zontrax,Tresom,0.9.9,bbb.org
nl.google.Gembucket,Ventosanzap,3.9.1,wikimedia.org
com.sohu.Cardify,Bamity,6.7.5,technorati.com
com.theglobeandmail.Bitchip,Sonsing,3.5.1,accuweather.com
org.craigslist.Fix San,Biodex,3.4.3,intel.com
com.bloomberg.Konklux,Fintone,5.88,xing.com
ru.rambler.Vagram,Tres-Zap,5.2,go.com
com.over-blog.Tres-Zap,Gembucket,0.77,freewebs.com
com.elegantthemes.Alpha,Prodder,1.88,histats.com
com.dedecms.Bamity,Ventosanzap,9.25,studiopress.com
jp.ne.ocn.Asoka,Temp,0.4.2,drupal.org
org.dmoz.Tresom,Kanlam,8.93,weibo.com
be.youtu.Job,Toughjoyfax,0.8.2,forbes.com
edu.mit.Overhold,Daltfresh,0.4.7,multiply.com
com.tinypic.Zamit,Toughjoyfax,0.6.6,dagondesign.com
edu.mit.Y-Solowarm,Flowdesk,7.78,fotki.com
edu.princeton.Bytecard,Asoka,6.4,nyu.edu
jp.ne.goo.Transcof,Prodder,3.08,uol.com.br
com.mac.Mat Lam Tam,Kanlam,2.92,cocolog-nifty.com
com.tripadvisor.Kanlam,Namfix,0.7.5,sourceforge.net
com.scientificamerican.Tampflex,Solarbreeze,7.32,amazon.co.uk
com.myspace.Solarbreeze,Keylex,6.6,shop-pro.jp
com.theguardian.Latlux,Bamity,0.28,51.la
com.nymag.Holdlamis,Y-Solowarm,1.06,nsw.gov.au
com.bing.Daltfresh,Viva,9.2.9,webeden.co.uk
gov.hhs.Kanlam,Alphazap,5.3.0,dailymail.co.uk
tv.ustream.Bytecard,Flowdesk,5.2.9,indiegogo.com
com.squarespace.Redhold,Stringtough,3.9,who.int
edu.si.Namfix,Cardguard,4.7,xrea.com
com.topsy.Sub-Ex,Prodder,2.2.1,dell.com
au.gov.nsw.Latlux,Trippledex,2.43,nps.gov
com.marriott.Andalax,Cardguard,0.2.5,linkedin.com
com.businesswire.Matsoft,Tresom,0.3.6,taobao.com
gov.ca.Y-Solowarm,Job,0.13,bizjournals.com
us.icio.Konklux,Y-find,8.2,etsy.com
com.seattletimes.Konklab,Stronghold,0.1.4,123-reg.co.uk
net.comcast.Subin,Flexidy,7.4.0,last.fm
br.com.google.Wrapsafe,Opela,7.5.3,fastcompany.com
com.theatlantic.Trippledex,Sonsing,0.1.2,odnoklassniki.ru
com.alexa.Pannier,Latlux,0.63,networksolutions.com
com.ebay.Greenlam,Quo Lux,6.6.0,smh.com.au
gov.hud.Konklab,Sonair,4.8,wp.com
jp.ne.hatena.Transcof,Hatity,8.23,stanford.edu
com.sun.Voyatouch,Overhold,0.1.1,goo.ne.jp
org.creativecommons.Wrapsafe,Holdlamis,0.8.5,cnet.com
com.hibu.Namfix,Tin,3.7.5,uiuc.edu
uk.ac.ox.Y-Solowarm,Duobam,0.3.3,npr.org
int.who.Duobam,Biodex,1.4,pagesperso-orange.fr
edu.virginia.Alpha,Zathin,5.0,constantcontact.com
com.sohu.Ronstring,Cardify,6.71,skype.com
edu.princeton.Fintone,Sonair,6.7.3,trellian.com
com.hao123.Sonsing,Stim,0.9.7,uol.com.br
com.reference.Tampflex,Konklab,0.61,vk.com
com.wufoo.Bitwolf,It,5.3,deviantart.com
ru.narod.Greenlam,Zamit,8.3.5,bing.com
it.paginegialle.Latlux,Bamity,0.2.8,google.nl
net.cpanel.Ventosanzap,Zaam-Dox,0.22,furl.net
com.squarespace.Ronstring,Duobam,0.48,dell.com
org.wikimedia.Matsoft,Namfix,4.4,ucoz.com
com.sogou.Viva,Alphazap,0.34,reuters.com
com.foxnews.Regrant,Aerified,3.64,hugedomains.com
net.a8.Voltsillam,Greenlam,1.3.3,intel.com
com.bluehost.Konklab,Andalax,0.8.8,wiley.com
com.cbsnews.Temp,Bamity,4.8,sitemeter.com
com.reuters.Mat Lam Tam,Ronstring,8.6.4,senate.gov
edu.virginia.Voyatouch,Zathin,5.7,sciencedirect.com
au.net.abc.Lotstring,Y-find,5.7,businesswire.com
com.dagondesign.Namfix,Matsoft,0.78,comsenz.com
com.cnn.Toughjoyfax,Sonsing,2.06,over-blog.com
com.twitter.Prodder,Cookley,1.4,senate.gov
cz.mapy.Mat Lam Tam,Solarbreeze,2.9.7,yahoo.com
edu.arizona.Latlux,Bytecard,2.45,yandex.ru
org.unicef.Job,Opela,9.0,mashable.com
mil.army.Rank,Solarbreeze,4.3.1,live.com
com.ebay.Holdlamis,Flowdesk,6.7.8,acquirethisname.com
org.simplemachines.Sonair,Y-find,1.8,berkeley.edu
org.slashdot.Zaam-Dox,Keylex,0.9.8,berkeley.edu
com.wsj.Lotlux,Duobam,0.8.2,prlog.org
ca.cbc.Cardguard,Bigtax,1.6,domainmarket.com
com.techcrunch.Tampflex,Rank,1.7.6,sciencedirect.com
com.sogou.Zathin,Duobam,4.6.5,1und1.de
com.stumbleupon.Domainer,Stringtough,0.15,shinystat.com
com.naver.Pannier,Aerified,0.5.7,wsj.com
com.example.Stim,Veribet,7.9,tripod.com
us.icio.Regrant,Cardify,2.8.3,slate.com
net.behance.Ventosanzap,Zoolab,5.2.7,usgs.gov
com.sohu.Aerified,Tampflex,3.07,seattletimes.com
int.who.Konklux,Temp,0.9.6,blogspot.com
com.xinhuanet.Stringtough,Keylex,0.7.1,skyrock.com
com.macromedia.Bytecard,Bamity,0.44,ow.ly
jp.co.google.Flexidy,Latlux,0.6.3,wufoo.com
com.shutterfly.Bytecard,Y-find,0.69,histats.com
com.blogs.Sonair,Alphazap,0.1.1,examiner.com
net.furl.Treeflex,Otcom,9.6,friendfeed.com
com.bigcartel.Y-Solowarm,Fixflex,3.8,flavors.me
br.com.google.Matsoft,Mat Lam Tam,0.4.2,typepad.com
net.themeforest.Overhold,Overhold,0.36,jimdo.com
com.ezinearticles.Andalax,Bytecard,5.89,ameblo.jp
fr.unblog.Y-Solowarm,Lotlux,5.9.8,engadget.com
com.feedburner.Tresom,Fintone,0.97,clickbank.net
com.newsvine.Matsoft,Bigtax,3.2.2,cafepress.com
edu.nyu.Cookley,Fix San,2.4.6,homestead.com
com.istockphoto.Viva,Namfix,0.89,jimdo.com
com.com.Tresom,Ronstring,0.97,ning.com
edu.psu.Opela,Aerified,0.1.3,xrea.com
jp.or.plala.Fix San,Veribet,2.67,unblog.fr
com.sohu.Bamity,Aerified,3.9,geocities.jp
com.theglobeandmail.Greenlam,Andalax,0.82,intel.com
com.dropbox.Stim,Y-Solowarm,0.61,dedecms.com
com.sciencedaily.Keylex,Otcom,1.9.9,accuweather.com
com.vimeo.Andalax,Zamit,1.0,goo.gl
com.paypal.Tempsoft,Cardify,0.8.1,answers.com
edu.harvard.Alphazap,Alpha,3.4,goodreads.com
com.ebay.Wrapsafe,Tampflex,6.9.1,yale.edu
com.smugmug.Tin,Subin,4.06,usatoday.com
com.instagram.Redhold,Transcof,0.99,army.mil
org.bbb.Ventosanzap,Bitchip,3.2.2,wikia.com
com.livejournal.Solarbreeze,Cookley,7.64,twitpic.com
org.dyndns.Matsoft,Vagram,8.1,bloglovin.com
com.etsy.Y-Solowarm,Aerified,0.52,yale.edu
com.ezinearticles.Daltfresh,Lotlux,1.0.3,jugem.jp
net.seesaa.Sonsing,Sub-Ex,2.71,squarespace.com
com.sphinn.Cardguard,It,7.1.8,jiathis.com
edu.cmu.Fixflex,Y-find,8.92,miibeian.gov.cn
gd.is.Zaam-Dox,Tin,0.2.8,theglobeandmail.com
com.vinaora.Konklux,Treeflex,4.5,ask.com
gov.hhs.Treeflex,Zamit,5.4.9,webeden.co.uk
com.wsj.Viva,Y-Solowarm,7.7.9,slate.com
com.huffingtonpost.Temp,Domainer,0.7.6,dropbox.com
com.meetup.Viva,Ventosanzap,0.6.5,wix.com
org.un.Mat Lam Tam,Zaam-Dox,0.1.1,nationalgeographic.com
com.mozilla.Stringtough,Y-Solowarm,8.3.6,lycos.com
com.yellowbook.Hatity,Tin,9.94,ameblo.jp
au.net.abc.Biodex,Zaam-Dox,1.92,japanpost.jp
com.time.Alpha,Fintone,2.8.8,engadget.com
gov.nasa.Viva,Rank,9.1.9,slashdot.org
edu.tamu.Transcof,Zontrax,3.5.6,ehow.com
it.google.Transcof,Bytecard,0.72,hud.gov
org.creativecommons.Vagram,Ventosanzap,4.7,simplemachines.org
com.cbsnews.Flexidy,Regrant,0.11,uiuc.edu
jp.ne.biglobe.Bitwolf,Fix San,3.20,discuz.net
net.themeforest.Trippledex,Fixflex,0.9.8,phoca.cz
jp.ne.sakura.Fixflex,Alpha,0.48,photobucket.com
uk.ac.cam.Job,Alphazap,7.2.0,apple.com
com.instagram.Stronghold,Andalax,7.1,stumbleupon.com
edu.arizona.Ronstring,Ronstring,0.88,mayoclinic.com
com.sohu.Domainer,Cookley,0.7.5,wsj.com
com.wikia.Stim,Redhold,6.0,ihg.com
com.baidu.Y-find,Alphazap,0.30,google.com
com.tripod.Pannier,Zaam-Dox,0.47,newyorker.com
com.blogs.Tin,Fixflex,2.4,techcrunch.com
com.domainmarket.Sonsing,Y-find,1.4.0,netlog.com
com.booking.Zontrax,Regrant,0.8.5,goo.gl
com.businesswire.Viva,Daltfresh,9.7,lulu.com
gov.census.Lotlux,Regrant,8.6,shop-pro.jp
com.oakley.Hatity,Rank,7.8,gnu.org
ru.mail.Matsoft,Subin,0.29,163.com
com.lycos.Holdlamis,Temp,8.34,dion.ne.jp
org.prlog.Pannier,Vagram,5.8.3,360.cn
edu.yale.Viva,Home Ing,1.9.3,ow.ly
com.blogs.Tampflex,Span,4.55,com.com
com.marriott.Trippledex,Zathin,0.7.5,sphinn.com
ru.mail.Zontrax,Bytecard,0.6.6,printfriendly.com
gov.loc.Namfix,Holdlamis,7.95,mediafire.com
com.indiatimes.Stim,Zathin,8.4,forbes.com
com.chron.Tampflex,Tampflex,3.5,google.ru
com.wunderground.Tin,Latlux,0.3.6,archive.org
org.gmpg.Cookley,Opela,0.18,ucla.edu
com.qq.Viva,Toughjoyfax,1.7.7,amazonaws.com
com.weibo.Prodder,Matsoft,0.98,nydailynews.com
uk.co.ebay.Y-find,Solarbreeze,0.6.6,deviantart.com
com.digg.Stringtough,Duobam,0.2.4,elegantthemes.com
com.bing.Zoolab,Subin,4.1.0,webs.com
com.deviantart.Trippledex,Voltsillam,7.4.4,dell.com
com.mediafire.Stim,Bigtax,0.6.0,mozilla.org
edu.illinois.Subin,Stim,1.2,mapy.cz
com.usnews.Alphazap,Alpha,2.2,fda.gov
com.cnbc.Sub-Ex,Voyatouch,5.8.6,umn.edu
com.flickr.Transcof,Bamity,0.38,qq.com
org.networkadvertising.Toughjoyfax,Konklab,0.3.7,privacy.gov.au
ru.google.Bigtax,Asoka,1.2,goodreads.com
com.taobao.Tres-Zap,Toughjoyfax,1.4.2,istockphoto.com
com.geocities.Cardguard,Zaam-Dox,0.54,flickr.com
edu.ucla.Zontrax,Zathin,0.7.3,edublogs.org
com.webnode.Fintone,Pannier,7.70,yandex.ru
com.hexun.Bigtax,Treeflex,1.1,4shared.com
ru.odnoklassniki.Konklux,Bitchip,2.0.9,theguardian.com
com.sohu.Temp,Treeflex,7.6,delicious.com
com.reverbnation.Lotstring,Bytecard,0.2.6,slideshare.net
com.mlb.Zontrax,Stim,0.48,bluehost.com
com.foxnews.Sub-Ex,Daltfresh,5.0.4,netscape.com
de.google.Zamit,Bitwolf,0.7.9,oaic.gov.au
com.zdnet.Alpha,Pannier,0.9.8,studiopress.com
edu.unc.Y-find,Zoolab,1.6,acquirethisname.com
com.quantcast.Toughjoyfax,Overhold,3.4,sitemeter.com
com.amazon.Greenlam,Quo Lux,4.8.1,webmd.com
edu.msu.Gembucket,Zamit,0.9.2,ibm.com
com.com.Bitwolf,Rank,0.4.9,tmall.com
com.omniture.Rank,Job,0.22,utexas.edu
org.prlog.Tampflex,Span,0.14,ycombinator.com
com.discovery.Fintone,Zathin,0.86,vkontakte.ru
org.edublogs.Rank,Duobam,0.19,ebay.com
com.diigo.Duobam,Fix San,0.40,phpbb.com
com.usnews.Otcom,Stronghold,0.6.4,squidoo.com
com.livejournal.Tres-Zap,Otcom,4.8,cloudflare.com
com.delicious.Zathin,Treeflex,0.2.7,arizona.edu
gd.is.Otcom,Tresom,0.4.5,photobucket.com
uk.ac.ox.Fintone,Zaam-Dox,0.5.4,xing.com
au.gov.oaic.Mat Lam Tam,Asoka,7.38,blogtalkradio.com
com.forbes.Bigtax,Konklab,4.06,home.pl
com.latimes.Kanlam,Fixflex,0.3.6,independent.co.uk
edu.illinois.Voyatouch,Bytecard,0.29,issuu.com
com.imgur.Namfix,Y-find,9.3.1,squidoo.com
au.gov.oaic.Tampflex,Sonair,1.9.2,vistaprint.com
cz.mapy.Aerified,Zoolab,4.30,geocities.jp
ru.rambler.Treeflex,Cardify,0.95,theguardian.com
be.youtu.Fix San,Tin,2.4.3,behance.net
com.buzzfeed.Alphazap,Tin,3.7.4,ebay.co.uk
com.imdb.Gembucket,Keylex,4.6.7,a8.net
hk.com.google.Trippledex,Fixflex,7.5.3,1688.com
org.redcross.Solarbreeze,Andalax,0.54,baidu.com
com.indiatimes.Gembucket,Cardguard,0.6.0,umn.edu
org.prlog.Kanlam,Home Ing,8.7.2,msn.com
com.arstechnica.Sonair,Home Ing,5.2,blogs.com
com.washingtonpost.Hatity,Lotstring,0.4.7,discuz.net
com.spotify.Quo Lux,Fix San,0.8.6,tinypic.com
com.hubpages.Viva,Home Ing,0.87,istockphoto.com
ch.admin.Opela,Lotlux,3.8,webmd.com
gov.ftc.Biodex,Namfix,8.97,i2i.jp
edu.illinois.Prodder,Cardguard,6.4,amazonaws.com
de.google.Sonair,Opela,0.39,tamu.edu
edu.arizona.Otcom,Vagram,1.14,narod.ru
com.eventbrite.Tin,Redhold,3.8.1,posterous.com
com.blog.Cardguard,Rank,3.9,reference.com
com.forbes.Keylex,Y-find,0.7.0,de.vu
com.myspace.Cardguard,Subin,2.6.4,meetup.com
uk.co.amazon.Kanlam,Overhold,7.7,fc2.com
com.sitemeter.Span,Bytecard,3.1,scientificamerican.com
com.wsj.Sonair,Tres-Zap,0.51,webnode.com
pl.home.Hatity,Holdlamis,8.5,vinaora.com
net.cpanel.Toughjoyfax,Transcof,8.10,drupal.org
com.prnewswire.Viva,Otcom,2.8,dot.gov
com.prnewswire.Fintone,Biodex,1.73,blogspot.com
com.skype.Tin,Konklab,0.3.8,jimdo.com
com.lulu.Stronghold,Matsoft,0.5.7,technorati.com
com.samsung.Ventosanzap,Tin,5.9.0,ask.com
com.linkedin.Fixflex,Zontrax,0.40,blogtalkradio.com
com.istockphoto.Alphazap,Bytecard,4.5.3,ox.ac.uk
com.reddit.Pannier,Fintone,0.9.4,github.io
com.foxnews.Job,Tres-Zap,4.74,si.edu
com.ehow.Voyatouch,Konklab,0.51,163.com
com.macromedia.Bamity,Tresom,5.6.2,soup.io
gov.ca.Lotstring,Konklux,0.7.3,twitpic.com
com.example.Fixflex,Flexidy,0.10,cpanel.net
com.comsenz.Kanlam,Sub-Ex,1.85,woothemes.com
jp.shop-pro.It,Daltfresh,2.5.1,vkontakte.ru
com.bloomberg.Cookley,Toughjoyfax,0.91,weibo.com
uk.co.independent.Stim,Asoka,0.30,seattletimes.com
com.nifty.Andalax,Temp,8.0.7,zdnet.com
jp.i2i.Ronstring,Alpha,3.23,rediff.com
org.archive.Redhold,Tin,0.9.6,indiegogo.com
com.macromedia.Lotstring,Span,0.47,nature.com
ru.google.Fixflex,Gembucket,4.08,tuttocitta.it
com.wired.Rank,Opela,4.6.9,vinaora.com
edu.columbia.Greenlam,Cardguard,7.7.7,sfgate.com
com.examiner.Transcof,Regrant,5.3,mail.ru
uk.co.google.Y-Solowarm,Cardguard,0.2.7,google.fr
ru.google.Gembucket,Cardify,5.2.0,oaic.gov.au
com.storify.Home Ing,Opela,5.03,pen.io
gov.usa.Otcom,Y-find,0.75,wordpress.org
jp.co.yahoo.Bitchip,Bigtax,5.4,bloomberg.com
com.patch.Alphazap,Home Ing,0.34,princeton.edu
com.blogs.Otcom,Cardify,2.41,creativecommons.org
com.friendfeed.Temp,Greenlam,4.90,opera.com
com.usnews.Bitwolf,Treeflex,3.1.4,sohu.com
com.artisteer.Transcof,Keylex,0.2.4,freewebs.com
ca.cbc.Flowdesk,Zontrax,9.1,cargocollective.com
uk.nhs.Flowdesk,Zoolab,7.2,nifty.com
com.storify.Ronstring,Pannier,2.86,unicef.org
com.theatlantic.Stronghold,Tin,4.1,phpbb.com
com.marriott.Bytecard,Zathin,3.6.3,nba.com
au.gov.privacy.Kanlam,Quo Lux,0.61,miitbeian.gov.cn
au.org.auda.Daltfresh,Hatity,9.37,unesco.org
com.bloomberg.Sonsing,Flowdesk,0.34,1und1.de
com.blogger.Aerified,Lotstring,9.49,360.cn
com.sbwire.Rank,Aerified,8.5,google.cn
com.google.Subin,Wrapsafe,0.8.6,guardian.co.uk
edu.princeton.It,Span,0.2.7,nyu.edu
edu.uiuc.Tin,Stringtough,6.59,yellowpages.com
com.theguardian.Zamit,Ronstring,0.86,un.org
net.sourceforge.Opela,Biodex,3.6.2,wired.com
com.reuters.Duobam,Tresom,0.9.2,sogou.com
com.symantec.Fix San,Span,3.00,washington.edu
com.tmall.Stim,Stim,0.85,shareasale.com
gov.census.Hatity,Mat Lam Tam,0.82,microsoft.com
com.yolasite.Bigtax,Fix San,4.9.1,vk.com
cz.phoca.Prodder,Bigtax,3.3,columbia.edu
com.xrea.Job,Lotlux,0.4.6,imageshack.us
com.vinaora.Bigtax,Sonair,5.6.0,linkedin.com
com.domainmarket.Tempsoft,Asoka,3.42,instagram.com
edu.si.Gembucket,Sub-Ex,9.4,cloudflare.com
edu.umn.Cardguard,Andalax,6.73,technorati.com
com.nytimes.Ventosanzap,Regrant,6.79,youtu.be
edu.utexas.Span,Cardguard,0.29,sciencedaily.com
de.1und1.Treeflex,Voltsillam,8.96,goodreads.com
es.google.Andalax,Solarbreeze,3.9,theguardian.com
com.cnbc.Sub-Ex,Ronstring,0.7.3,so-net.ne.jp
com.digg.Bytecard,Fintone,9.6,yelp.com
com.go.Y-Solowarm,Tresom,7.4.4,is.gd
ru.liveinternet.Holdlamis,Gembucket,3.78,bloglovin.com
gov.state.Voltsillam,Rank,5.1.3,hibu.com
com.foxnews.Biodex,Solarbreeze,3.8.7,cargocollective.com
ru.ucoz.Ronstring,Bitchip,4.75,stanford.edu
com.mysql.Stronghold,Treeflex,8.07,archive.org
fr.google.Tempsoft,Prodder,0.7.9,ow.ly
jp.japanpost.Alphazap,Aerified,1.98,geocities.com
edu.arizona.Tresom,Span,1.79,soundcloud.com
edu.cornell.Voltsillam,Opela,7.7.7,nps.gov
jp.geocities.Bitchip,Job,0.84,fastcompany.com
gov.hhs.It,Flexidy,0.2.2,oracle.com
com.hao123.Job,Voltsillam,3.71,bbb.org
com.cargocollective.Lotstring,Cardguard,0.54,cpanel.net
com.elpais.Veribet,Zathin,3.21,altervista.org
com.howstuffworks.Fix San,Bitchip,4.6,naver.com
net.cpanel.Tempsoft,Job,8.07,google.es
org.wikimedia.Asoka,Asoka,7.5.9,jiathis.com
com.sbwire.Regrant,Lotstring,5.2,blogger.com
uk.nhs.Namfix,Voyatouch,0.4.9,wufoo.com
io.soup.Tempsoft,Zathin,0.48,devhub.com
com.boston.Prodder,Home Ing,1.8.6,accuweather.com
uk.co.independent.Stringtough,Bitchip,0.69,typepad.com
com.live.Zontrax,Flowdesk,0.1.2,wordpress.com
com.ehow.Pannier,Holdlamis,2.04,economist.com
com.nymag.Biodex,Subin,0.30,virginia.edu
cn.com.sina.Zamit,Flowdesk,0.14,china.com.cn
com.bluehost.Bamity,Aerified,0.6.6,mtv.com
com.purevolume.Holdlamis,It,3.2.7,state.gov
au.com.google.Redhold,Sub-Ex,0.17,dion.ne.jp
uk.ac.cam.Flexidy,Veribet,0.4.8,japanpost.jp
com.bloomberg.Wrapsafe,Lotlux,0.29,homestead.com
com.issuu.Sonsing,Trippledex,7.9.2,bluehost.com
com.printfriendly.Stringtough,Sub-Ex,0.64,indiatimes.com
com.cafepress.Cookley,Treeflex,7.5,amazon.com
com.amazonaws.Stim,Konklux,9.93,phoca.cz
com.cnet.Transcof,Quo Lux,0.2.5,usda.gov
uk.co.dailymail.Job,Aerified,6.9.1,ucsd.edu
com.myspace.Asoka,Latlux,8.8,ycombinator.com
net.php.Redhold,Rank,9.1.5,bing.com
com.theatlantic.Redhold,Sonsing,9.4,reddit.com
net.seesaa.Bamity,Matsoft,7.5,1und1.de
com.technorati.Matsoft,Ventosanzap,0.70,cnn.com
it.paginegialle.Zoolab,Matsoft,0.24,umn.edu
jp.ne.sakura.Aerified,Voyatouch,0.85,joomla.org
com.mac.Andalax,Stringtough,5.8,ow.ly
com.topsy.Fix San,Ventosanzap,5.8.4,flavors.me
com.example.Trippledex,Kanlam,0.6.4,ustream.tv
vu.de.Treeflex,Subin,0.68,topsy.com
com.mozilla.Rank,Stim,0.7.1,weibo.com
gov.va.Sonsing,Keylex,3.9,hubpages.com
org.joomla.Viva,Sonsing,8.71,google.cn
ru.mail.Fixflex,Fix San,2.28,hhs.gov
com.hao123.Y-Solowarm,Zamit,0.6.9,free.fr
com.techcrunch.Tin,Redhold,5.6.1,ucsd.edu
com.rediff.Toughjoyfax,Otcom,0.79,histats.com
uk.co.dailymail.Pannier,Toughjoyfax,0.52,ftc.gov
com.etsy.Daltfresh,Biodex,2.53,accuweather.com
jp.shop-pro.Solarbreeze,Regrant,0.5.6,imgur.com
jp.ne.sakura.Zoolab,Overhold,0.61,shinystat.com
com.latimes.Asoka,Bitchip,8.8.9,meetup.com
com.intel.Pannier,Tempsoft,0.85,icio.us
com.about.Pannier,Daltfresh,1.7,lulu.com
uk.co.independent.Namfix,Fix San,7.51,indiatimes.com
com.myspace.Voltsillam,Overhold,0.31,bizjournals.com
net.behance.Bamity,Asoka,4.4.9,gov.uk
net.php.Greenlam,Greenlam,1.64,angelfire.com
pl.home.Voyatouch,Alpha,9.4,cyberchimps.com
com.blogspot.Namfix,Home Ing,7.4.8,people.com.cn
la.51.Subin,Zontrax,0.34,slashdot.org
com.bluehost.Matsoft,Prodder,0.72,nasa.gov
com.barnesandnoble.Greenlam,Voltsillam,6.31,washingtonpost.com
com.naver.It,Stringtough,3.13,npr.org
gov.house.Stringtough,Veribet,2.0,mashable.com
com.myspace.It,Fintone,0.69,newsvine.com
com.tripadvisor.Namfix,Asoka,4.0.7,exblog.jp
net.sourceforge.Lotstring,Flowdesk,3.78,biblegateway.com
com.pinterest.Alpha,Quo Lux,5.5.4,washington.edu
com.netvibes.Tampflex,Alpha,0.3.2,photobucket.com
org.wikimedia.Regrant,Sonsing,0.52,imageshack.us
edu.yale.Viva,Cardify,4.35,canalblog.com
com.netscape.Asoka,Voltsillam,1.2,craigslist.org
jp.co.rakuten.Voyatouch,Rank,6.1,answers.com
com.ucoz.Job,Asoka,0.68,nymag.com
com.macromedia.Veribet,Sonair,4.3,businessinsider.com
com.technorati.Lotstring,Andalax,7.0,adobe.com
uk.co.bbc.Latlux,Span,0.52,istockphoto.com
ca.cbc.Zoolab,Span,0.49,omniture.com
ru.liveinternet.Fix San,Tempsoft,0.61,dyndns.org
com.freewebs.Duobam,Y-Solowarm,8.9,xrea.com
com.ft.Zoolab,Flowdesk,5.6,t-online.de
au.gov.nsw.Otcom,Opela,0.8.5,dmoz.org
br.com.uol.Greenlam,Quo Lux,0.35,google.co.uk
com.studiopress.Y-Solowarm,Lotstring,3.8,ted.com
com.studiopress.Redhold,Ventosanzap,2.8.3,godaddy.com
edu.virginia.Konklab,Lotstring,0.1.9,toplist.cz
com.oracle.Span,Sub-Ex,0.9.4,oakley.com
com.feedburner.Y-Solowarm,Konklux,4.1.6,nasa.gov
com.quantcast.Lotstring,Y-find,0.30,pcworld.com
com.sohu.Quo Lux,Flexidy,8.4.4,cnbc.com
com.cyberchimps.Holdlamis,Konklux,8.93,biglobe.ne.jp
uk.gov.Keylex,Duobam,0.23,hexun.com
jp.ne.ocn.Temp,Bamity,0.3.5,utexas.edu
edu.yale.Quo Lux,Stringtough,8.1,forbes.com
cn.360.Zamit,Latlux,5.88,apache.org
com.quantcast.Daltfresh,Flowdesk,7.7,thetimes.co.uk
com.sfgate.Regrant,Overhold,2.6.3,elpais.com
com.cnn.Job,Quo Lux,8.49,google.pl
net.earthlink.Otcom,Job,0.8.9,qq.com
com.cbslocal.Flexidy,Fix San,6.9.4,unesco.org
org.dyndns.Holdlamis,Sonair,0.94,samsung.com
com.stumbleupon.Y-find,Latlux,0.56,wisc.edu
com.eventbrite.Hatity,Hatity,0.65,princeton.edu
edu.arizona.Tresom,Zoolab,0.9.7,ftc.gov
com.cbslocal.Alphazap,Rank,2.3,tumblr.com
org.altervista.Transcof,Matsoft,4.17,bing.com
com.baidu.Alphazap,Stim,0.4.8,hugedomains.com
com.answers.Alphazap,Trippledex,0.73,google.ca
com.blogs.Toughjoyfax,Rank,0.50,fastcompany.com
gd.is.Fixflex,Tin,0.3.8,chronoengine.com
com.washingtonpost.Viva,Matsoft,2.4.5,sciencedaily.com
com.soundcloud.Ventosanzap,Sub-Ex,9.9,sun.com
com.sogou.Namfix,Fix San,6.6.6,mlb.com
edu.princeton.Flowdesk,Bitwolf,5.34,sourceforge.net
gov.usa.Tin,Fixflex,0.37,kickstarter.com
gov.fema.Latlux,Konklux,0.10,nasa.gov
com.nba.Stronghold,Bamity,7.2,samsung.com
com.smugmug.It,Veribet,6.39,usatoday.com
com.ehow.Matsoft,Lotstring,5.2.1,mlb.com
uk.co.thetimes.Sonsing,Cardguard,4.7,webmd.com
net.cpanel.Gembucket,Duobam,0.2.7,oracle.com
com.cdbaby.Opela,Overhold,1.0,adobe.com
com.theguardian.Zamit,Flexidy,4.6,tripod.com
com.gizmodo.Transcof,Stringtough,1.9,constantcontact.com
de.t-online.Konklab,Cardify,0.48,scribd.com
com.techcrunch.Konklux,Konklux,0.1.5,xing.com
com.blogtalkradio.Stronghold,Fixflex,8.5,bloglovin.com
fr.pagesperso-orange.Hatity,Overhold,6.0.0,dot.gov
com.yahoo.Zathin,Asoka,8.6,globo.com
com.washingtonpost.It,Flowdesk,1.00,linkedin.com
com.fastcompany.Lotstring,Tempsoft,0.7.5,ameblo.jp
com.eventbrite.Voyatouch,Flexidy,9.09,samsung.com
com.ning.Overhold,Zontrax,5.3.8,state.gov
com.oracle.Lotstring,Lotstring,2.6.9,nps.gov
com.eventbrite.Fix San,Span,3.13,squidoo.com
com.amazon.Overhold,Bitwolf,6.65,networksolutions.com
com.printfriendly.Transcof,Wrapsafe,0.92,census.gov
com.list-manage.Fix San,Zontrax,1.7.4,intel.com
com.cnbc.Bytecard,Cardify,9.56,i2i.jp
com.amazon.Andalax,Bytecard,0.3.2,mozilla.com
com.nytimes.Zontrax,Pannier,5.89,geocities.com
edu.princeton.Veribet,Span,0.5.7,1688.com
com.example.Solarbreeze,Alphazap,4.9.5,networkadvertising.org
edu.virginia.Keylex,Home Ing,7.2,seesaa.net
com.printfriendly.Vagram,Opela,0.65,statcounter.com
com.mayoclinic.Fixflex,Alpha,3.7,list-manage.com
gov.senate.Tin,Redhold,0.5.5,pbs.org
com.theguardian.Zoolab,Voyatouch,7.9.6,deliciousdays.com
de.e-recht24.Otcom,Cookley,0.48,bluehost.com
org.simplemachines.Veribet,Y-find,7.29,shop-pro.jp
com.kickstarter.Matsoft,Zoolab,0.4.9,purevolume.com
com.cyberchimps.Toughjoyfax,Stringtough,6.04,mail.ru
org.bbb.Bitwolf,Fixflex,0.36,shareasale.com
com.dropbox.Matsoft,Biodex,4.9.5,cloudflare.com
com.surveymonkey.It,Veribet,9.5.1,time.com
com.mozilla.Y-Solowarm,Solarbreeze,2.7,twitter.com
uk.co.thetimes.Sonair,Matsoft,4.1.4,go.com
com.cocolog-nifty.Domainer,Namfix,0.77,cafepress.com
com.surveymonkey.Stim,Greenlam,0.8.6,howstuffworks.com
com.sohu.Asoka,Cardguard,3.5,icio.us
jp.ne.ocn.Opela,Zoolab,3.9.7,mediafire.com
edu.si.Bamity,Sonsing,0.3.3,mashable.com
net.seesaa.Opela,Andalax,1.74,guardian.co.uk
com.posterous.Home Ing,Alpha,6.2.8,ihg.com
nl.google.Lotlux,Daltfresh,0.7.7,vinaora.com
com.github.Sonair,Stringtough,0.18,ovh.net
jp.co.rakuten.Tampflex,Sub-Ex,0.9.6,sun.com
com.stumbleupon.Stronghold,Quo Lux,8.3.2,squarespace.com
com.homestead.Transcof,Lotstring,0.8.6,unc.edu
com.shutterfly.Mat Lam Tam,Zontrax,0.78,boston.com
us.tx.state.Duobam,Ronstring,0.61,wikispaces.com
io.github.Hatity,Tin,5.43,jugem.jp
com.com.Tin,Duobam,0.70,360.cn
com.spotify.Solarbreeze,Matsoft,2.8.6,imgur.com
com.huffingtonpost.Temp,Overhold,0.7.3,123-reg.co.uk
com.jiathis.Lotlux,Zaam-Dox,7.7.0,ucoz.ru
com.reference.Trippledex,Vagram,3.1.3,ameblo.jp
com.github.Cardify,Tres-Zap,0.98,sohu.com
com.wikia.Keylex,Sonsing,7.57,sourceforge.net
ca.cbc.Y-Solowarm,Y-Solowarm,5.44,cafepress.com
edu.yale.Alphazap,Voyatouch,0.6.0,free.fr
gov.nasa.Greenlam,Stronghold,7.4,washington.edu
com.tmall.Treeflex,Solarbreeze,0.2.6,globo.com
uk.co.telegraph.Treeflex,Bigtax,0.1.0,economist.com
net.slideshare.Y-find,Flexidy,1.1.9,domainmarket.com
com.stumbleupon.Flexidy,Konklux,0.6.4,wix.com
net.cpanel.Fix San,Bitwolf,1.7.1,list-manage.com
jp.ne.dion.Ronstring,Zoolab,0.78,hud.gov
cc.tiny.Mat Lam Tam,Overhold,0.24,wunderground.com
net.ovh.Veribet,Zaam-Dox,5.98,wunderground.com
ru.narod.Hatity,Vagram,7.1,berkeley.edu
com.elegantthemes.Tempsoft,Regrant,6.6.0,lulu.com
org.unesco.Subin,Bytecard,0.20,facebook.com
com.bloglovin.Sonsing,Domainer,4.1,dailymotion.com
com.deviantart.Domainer,Stim,0.99,addthis.com
com.gizmodo.Home Ing,Andalax,5.74,themeforest.net
com.nytimes.Prodder,Voyatouch,4.3.0,sogou.com
gov.epa.Prodder,Quo Lux,5.9,businessweek.com
it.paginegialle.Pannier,Quo Lux,0.37,jimdo.com
com.instagram.Solarbreeze,Job,0.5.5,rakuten.co.jp
com.nydailynews.Daltfresh,Pannier,8.1,example.com
edu.washington.Domainer,Job,3.8,i2i.jp
com.aol.Zathin,Fixflex,9.9,topsy.com
gov.senate.Cardguard,Zontrax,3.1.5,digg.com
com.nature.Holdlamis,Toughjoyfax,5.48,squarespace.com
com.sun.Matsoft,Tempsoft,8.6.2,quantcast.com
com.nba.Regrant,Subin,0.94,t.co
com.scientificamerican.Stronghold,Voyatouch,6.5.2,icq.com
com.elegantthemes.Hatity,Bytecard,0.1.2,boston.com
com.gizmodo.Tempsoft,Treeflex,0.97,cisco.com
com.godaddy.Bitchip,Fintone,5.0,wix.com
com.canalblog.Zoolab,Alpha,0.9.4,mayoclinic.com
com.theatlantic.Kanlam,Bytecard,1.8,amazonaws.com
com.tripod.Hatity,Viva,1.4,weebly.com
com.skyrock.Sonair,Aerified,0.76,prlog.org
com.homestead.Biodex,Fintone,5.02,chicagotribune.com
us.imageshack.Subin,Tin,0.7.4,cafepress.com
gov.dot.Duobam,Sonsing,5.0.2,about.me
com.meetup.Matsoft,Namfix,6.62,hud.gov
gov.census.Namfix,Bamity,4.27,chron.com
com.constantcontact.Opela,Prodder,4.0,mtv.com
org.bbb.Span,Zontrax,0.11,nyu.edu
com.webmd.Pannier,Veribet,0.4.5,yandex.ru
com.digg.Holdlamis,Zathin,5.9,xinhuanet.com
com.usatoday.Asoka,Trippledex,0.56,msn.com
net.php.Sonair,Fintone,0.56,google.it
com.cnet.Konklab,Sonair,3.6,ft.com
com.hostgator.Lotlux,Prodder,4.7.0,live.com
org.wordpress.Viva,Lotlux,0.21,liveinternet.ru
com.squarespace.Tampflex,Veribet,9.1,nasa.gov
edu.virginia.Fix San,Daltfresh,0.93,ocn.ne.jp
edu.umn.Toughjoyfax,Stringtough,5.59,seesaa.net
com.bizjournals.Zamit,Sub-Ex,0.59,google.co.uk
ru.google.Duobam,Tin,5.21,flavors.me
io.soup.Stim,Hatity,6.3,reference.com
com.msn.Zaam-Dox,Bytecard,9.60,wisc.edu
com.oakley.Subin,Andalax,0.6.9,facebook.com
ch.admin.Treeflex,Stringtough,3.6.1,unblog.fr
gl.goo.Asoka,Bitchip,2.7,ft.com
fr.unblog.Lotlux,Fixflex,4.6.7,harvard.edu
com.sfgate.Temp,Tres-Zap,6.8.6,ifeng.com
com.businesswire.Andalax,Sonsing,0.8.8,ox.ac.uk
gov.hhs.Otcom,Y-Solowarm,0.3.0,com.com
com.tumblr.Tresom,Fixflex,3.3,marriott.com
com.bandcamp.Treeflex,Stim,0.8.5,homestead.com
uk.co.telegraph.Domainer,Zathin,9.2,tripadvisor.com
com.chicagotribune.Zoolab,Lotstring,0.2.4,vk.com
com.lulu.Konklux,Zathin,0.88,unesco.org
com.cbsnews.Tampflex,Hatity,1.03,latimes.com
net.slideshare.Bytecard,Fixflex,1.6,de.vu
com.howstuffworks.Tres-Zap,Bitchip,6.76,nymag.com
com.mediafire.Stim,Gembucket,0.2.4,marketwatch.com
com.wired.Solarbreeze,Ronstring,0.37,nasa.gov
com.etsy.Tin,Otcom,0.2.4,github.io
com.java.Cookley,Subin,0.9.3,g.co
com.lycos.Alpha,Sub-Ex,4.13,friendfeed.com
org.dyndns.Biodex,Aerified,0.1.7,privacy.gov.au
com.issuu.Tin,Zathin,0.7.3,webmd.com
org.apache.Hatity,Fixflex,3.9,angelfire.com
com.spotify.Lotlux,Holdlamis,0.1.2,columbia.edu
com.parallels.Home Ing,Zoolab,7.38,t.co
io.soup.Flexidy,Flexidy,2.65,skyrock.com
com.yolasite.Alphazap,Zontrax,5.2.8,goo.ne.jp
com.weibo.Fix San,Cookley,3.6,census.gov
com.taobao.Konklab,Subin,5.1,typepad.com
net.a8.Tempsoft,Bytecard,2.5.8,princeton.edu
edu.unc.Bytecard,Zamit,6.3,cnet.com
com.csmonitor.Sub-Ex,Zamit,1.39,t-online.de
com.linkedin.Flowdesk,Namfix,0.9.1,technorati.com
com.intel.Veribet,Vagram,0.14,flavors.me
com.gravatar.Alphazap,Regrant,3.0,skyrock.com
ru.odnoklassniki.Wrapsafe,Vagram,3.7,ucsd.edu
com.cbslocal.Temp,Duobam,0.26,alibaba.com
com.lulu.Bytecard,Subin,2.4,squarespace.com
com.msn.Opela,Fix San,0.1.7,cloudflare.com
com.indiegogo.Alpha,Bitwolf,9.5.0,xrea.com
com.over-blog.Hatity,Sonair,0.6.8,delicious.com
com.addthis.Latlux,Asoka,5.8,arstechnica.com
com.tumblr.Alpha,Stronghold,0.34,slate.com
org.redcross.Sonsing,Ronstring,0.8.6,bigcartel.com
com.blinklist.Tempsoft,Voyatouch,7.0,prnewswire.com
com.prnewswire.Kanlam,Konklab,1.41,hexun.com
com.imdb.Alpha,Keylex,5.2,va.gov
edu.princeton.Stringtough,Rank,4.8.7,msn.com
ru.google.Asoka,Sonsing,0.41,ibm.com
gov.nih.Cardguard,Cardify,0.1.0,spotify.com
com.netscape.Biodex,Cookley,0.24,ow.ly
com.nifty.Rank,Holdlamis,0.2.7,miitbeian.gov.cn
au.gov.privacy.Sonair,Transcof,2.96,ehow.com
com.istockphoto.Cardify,Viva,0.9.7,scientificamerican.com
com.wp.Matsoft,Subin,0.5.4,netvibes.com
com.delicious.Pannier,Zontrax,9.4,omniture.com
com.4shared.Redhold,It,3.74,yellowbook.com
au.net.abc.Flowdesk,Tres-Zap,4.3.2,4shared.com
com.zdnet.Opela,Rank,7.17,soup.io
com.1688.Opela,Gembucket,6.7.9,si.edu
tv.ustream.Cardguard,Redhold,0.58,oaic.gov.au
com.ibm.Fixflex,Aerified,7.04,patch.com
com.mozilla.Bamity,Wrapsafe,0.6.1,marriott.com
org.apache.Treeflex,Holdlamis,6.8.1,mozilla.org
gov.cdc.Asoka,Tin,8.3.9,epa.gov
jp.or.plala.Tampflex,Cookley,7.4,lycos.com
edu.cmu.Aerified,Tempsoft,6.2,trellian.com
com.youtube.Sub-Ex,Quo Lux,0.28,mediafire.com
com.cyberchimps.Alphazap,Wrapsafe,0.98,hatena.ne.jp
edu.ucla.Stronghold,Trippledex,3.6,narod.ru
edu.utexas.Lotstring,Temp,5.47,skype.com
fr.unblog.Mat Lam Tam,Mat Lam Tam,4.08,jugem.jp
uk.co.bbc.Zamit,It,8.9.8,skype.com
org.creativecommons.Zathin,Opela,0.75,hubpages.com
com.dagondesign.Cardify,Tresom,0.19,bloglines.com
com.merriam-webster.Subin,Alphazap,0.22,blinklist.com
de.1und1.Alphazap,Ronstring,0.5.0,bigcartel.com
de.amazon.Span,Job,0.64,mapquest.com
gov.nps.Sub-Ex,Veribet,5.07,va.gov
net.discuz.Fix San,Andalax,6.96,cocolog-nifty.com
jp.ameblo.Zamit,Tres-Zap,0.4.8,nationalgeographic.com
org.drupal.Ronstring,Stim,7.81,wufoo.com
com.webmd.Voltsillam,Konklab,4.6.6,discovery.com
edu.mit.Toughjoyfax,Asoka,5.3,webeden.co.uk
com.storify.Bytecard,Lotlux,5.8.0,ycombinator.com
com.omniture.Regrant,Matsoft,8.6,loc.gov
it.paginegialle.Transcof,Bytecard,0.7.9,mail.ru
com.phpbb.Vagram,Cardguard,1.85,buzzfeed.com
com.reuters.Tin,Holdlamis,0.50,si.edu
com.netlog.Subin,Span,0.15,symantec.com
fr.unblog.Lotstring,Vagram,0.9.6,meetup.com
org.unicef.Konklux,Tres-Zap,8.5,mapquest.com
com.indiegogo.Zaam-Dox,Opela,7.63,nature.com
gov.fda.Zoolab,Sonsing,0.6.9,squidoo.com
jp.co.rakuten.Stim,Otcom,0.7.0,51.la
com.bravesites.Lotlux,Alphazap,3.03,ebay.co.uk
gov.nih.Redhold,It,6.8.2,aboutads.info
com.friendfeed.Redhold,Domainer,1.23,newyorker.com
com.hexun.Zoolab,Trippledex,0.9.3,ucsd.edu
com.scientificamerican.Gembucket,Bamity,8.8.9,chronoengine.com
com.woothemes.Subin,Tresom,7.6,uol.com.br
com.icq.Bamity,Hatity,1.77,networksolutions.com
jp.co.yahoo.Prodder,Stronghold,7.12,sohu.com
cn.360.Fixflex,Latlux,8.8.0,slashdot.org
br.com.google.Namfix,Otcom,4.0.9,vimeo.com
jp.ne.goo.Fix San,Rank,0.8.0,tiny.cc
com.bloglovin.Alphazap,Viva,0.1.2,php.net
cz.phoca.Mat Lam Tam,Alphazap,8.0.2,nsw.gov.au
com.feedburner.Bamity,Zontrax,1.9.2,live.com
com.qq.Cardguard,Span,8.4.2,dyndns.org
com.github.Duobam,Redhold,0.50,digg.com
au.net.abc.Cookley,Quo Lux,0.8.7,blogger.com
de.t-online.Veribet,Matsoft,0.3.8,japanpost.jp
fr.free.It,Regrant,0.8.3,dailymail.co.uk
com.wikia.Job,Span,0.29,patch.com
uk.co.ebay.Job,Domainer,4.9,ucoz.ru
net.slideshare.Tampflex,Subin,0.1.2,instagram.com
com.webmd.Greenlam,Span,0.13,bloglovin.com
com.springer.Lotstring,Y-Solowarm,4.2.7,wix.com
au.org.auda.Overhold,Fixflex,6.9,skype.com
jp.i2i.Duobam,Konklab,1.6.8,vinaora.com
net.cpanel.Alpha,Konklux,9.9.1,t.co
cz.toplist.Voyatouch,Tres-Zap,9.8.5,blogs.com
com.msn.Cardify,Wrapsafe,0.32,intel.com
edu.berkeley.Bamity,Fix San,0.1.5,nytimes.com
au.com.google.Aerified,Daltfresh,0.2.9,51.la
me.about.Stim,Transcof,0.52,quantcast.com
au.com.smh.Lotlux,Viva,6.05,samsung.com
com.github.Duobam,Solarbreeze,8.9.0,unc.edu
com.businessweek.Cardguard,Rank,1.2.4,jiathis.com
com.nba.It,Sonair,0.91,plala.or.jp
com.hibu.Zoolab,Duobam,0.9.0,usnews.com
com.artisteer.Veribet,Bytecard,0.3.2,mlb.com
com.storify.Kanlam,Cardguard,1.0.4,huffingtonpost.com
com.alexa.Veribet,Bytecard,6.4.3,constantcontact.com
com.vimeo.Otcom,Otcom,2.1,com.com
com.hc360.Wrapsafe,Pannier,0.3.6,flavors.me
com.apple.Wrapsafe,Wrapsafe,9.0,craigslist.org
com.alibaba.Ronstring,Greenlam,0.73,jiathis.com
com.nytimes.Ronstring,Overhold,0.59,independent.co.uk
com.microsoft.Tin,Ventosanzap,8.5,booking.com
com.cdbaby.Sonsing,Prodder,6.3.9,shop-pro.jp
com.wp.Vagram,Toughjoyfax,0.27,ihg.com
com.gizmodo.Zathin,Aerified,9.4,yahoo.com
com.sbwire.Keylex,Sub-Ex,0.11,google.pl
com.ibm.Andalax,Tres-Zap,2.2,newyorker.com
com.angelfire.Greenlam,Greenlam,9.57,marketwatch.com
com.bravesites.Quo Lux,Konklux,1.31,sogou.com
net.seesaa.Duobam,Zaam-Dox,6.67,prnewswire.com
com.qq.Y-find,Asoka,0.1.7,blinklist.com
com.taobao.Fix San,Otcom,4.2.9,lulu.com
edu.wisc.Fixflex,Stim,2.3.4,icio.us
com.webs.Matsoft,Otcom,3.5,toplist.cz
uk.co.timesonline.It,Cardguard,1.37,techcrunch.com
cz.phoca.Y-find,Matsoft,3.6,xrea.com
uk.gov.Rank,Fixflex,9.3,mozilla.org
com.skype.Ronstring,Biodex,0.3.3,dropbox.com
com.sitemeter.Ventosanzap,Prodder,0.63,wordpress.com
com.chron.Zathin,Subin,0.37,dropbox.com
ru.mail.Otcom,Voltsillam,1.88,shop-pro.jp
com.vistaprint.Lotstring,Quo Lux,2.4,ow.ly
com.symantec.Zathin,Regrant,0.55,oakley.com
com.tinypic.Bitwolf,Mat Lam Tam,0.5.4,free.fr
au.gov.oaic.Voltsillam,Konklux,0.79,posterous.com
com.moonfruit.Kanlam,Tres-Zap,0.73,europa.eu
edu.tamu.Mat Lam Tam,Zamit,2.3.7,yahoo.co.jp
com.flickr.Tampflex,Zontrax,2.2,forbes.com
edu.upenn.Cookley,Bytecard,0.5.4,tamu.edu
mil.army.Bitchip,Prodder,0.56,scientificamerican.com
com.geocities.Alpha,Tresom,4.6.8,dailymail.co.uk
com.photobucket.Ronstring,Ventosanzap,0.2.4,pagesperso-orange.fr
gov.usa.Transcof,Flowdesk,1.58,wp.com
co.g.Duobam,Fix San,7.63,salon.com
jp.ne.dion.Toughjoyfax,Job,8.9,answers.com
ru.narod.Temp,Zontrax,0.9.0,time.com
ru.mail.Temp,Domainer,6.8.6,walmart.com
edu.umich.Pannier,Tresom,0.4.3,vk.com
com.over-blog.Vagram,Tresom,8.1.4,paypal.com
com.instagram.Zontrax,Duobam,0.2.6,alexa.com
org.dyndns.Zaam-Dox,Solarbreeze,2.7.2,va.gov
com.skyrock.Voyatouch,Vagram,6.5.8,trellian.com
org.redcross.Mat Lam Tam,Asoka,5.3,technorati.com
gov.epa.Cookley,Tresom,3.9,mlb.com
com.marketwatch.Home Ing,Duobam,3.28,engadget.com
com.mtv.Matsoft,Otcom,6.3.3,time.com
com.youtube.Y-Solowarm,Stringtough,9.01,google.es
br.com.google.Voltsillam,Veribet,0.88,jigsy.com
org.prlog.Cookley,Otcom,8.8,shareasale.com
com.hao123.Opela,Treeflex,0.2.2,flickr.com
com.nationalgeographic.Tresom,Namfix,6.6.1,noaa.gov
la.51.Viva,Flexidy,3.5.2,google.fr
uk.co.timesonline.Transcof,Cardguard,8.12,time.com
edu.utexas.Opela,Y-Solowarm,0.52,tmall.com
com.istockphoto.Andalax,Bytecard,3.7.9,jalbum.net
com.netscape.Bigtax,Wrapsafe,0.91,apache.org
org.craigslist.Bamity,Wrapsafe,0.42,toplist.cz
com.example.Ronstring,Quo Lux,4.3,printfriendly.com
edu.ucsd.Fintone,Andalax,8.6.3,smh.com.au
com.issuu.Voltsillam,Opela,0.4.5,prlog.org
io.pen.Alphazap,Aerified,0.72,zdnet.com
edu.msu.Alphazap,Solarbreeze,0.34,ask.com
com.canalblog.Trippledex,Lotstring,0.7.6,cocolog-nifty.com
gov.hud.Treeflex,Job,0.65,rambler.ru
com.businessweek.Sonsing,Bamity,0.2.7,bravesites.com
com.theguardian.Opela,Aerified,5.74,cnbc.com
com.adobe.Treeflex,Matsoft,6.1,merriam-webster.com
fr.google.Bigtax,Voltsillam,0.80,jiathis.com
ca.cbc.Biodex,Kanlam,2.9.2,tinyurl.com
org.redcross.Viva,Pannier,6.32,themeforest.net
us.imageshack.Greenlam,Domainer,0.4.8,prnewswire.com
com.sciencedirect.Latlux,Tin,2.44,constantcontact.com
net.php.Sonsing,Prodder,0.8.3,paginegialle.it
com.dell.Daltfresh,Fintone,1.9,wordpress.com
co.g.Pannier,Sub-Ex,6.41,hubpages.com
com.reference.Subin,Voyatouch,3.5.5,rakuten.co.jp
org.unesco.Biodex,Pannier,8.9,washingtonpost.com
com.jigsy.Tresom,Zontrax,2.8.6,deviantart.com
com.icq.Alpha,Voyatouch,6.5.4,g.co
com.cnn.Duobam,Konklab,3.75,home.pl
com.techcrunch.Bigtax,Voltsillam,0.8.2,is.gd
ru.narod.Subin,Voltsillam,7.7,reddit.com
org.unicef.Gembucket,Treeflex,0.4.4,toplist.cz
com.goodreads.Viva,Fintone,9.7.7,ed.gov
it.tuttocitta.Temp,Bitchip,0.92,merriam-webster.com
edu.mit.Redhold,Bigtax,8.3.8,house.gov
uk.co.dailymail.Temp,Duobam,0.24,istockphoto.com
com.delicious.Duobam,Opela,3.1,mail.ru
jp.ne.hatena.Rank,Cardify,0.5.1,bluehost.com
edu.yale.Redhold,Bitchip,0.14,rambler.ru
jp.geocities.Gembucket,Toughjoyfax,5.7.9,dion.ne.jp
uk.co.amazon.Veribet,Lotlux,8.7,com.com
com.surveymonkey.Holdlamis,Tampflex,8.7.5,engadget.com
com.chicagotribune.Holdlamis,Bitchip,9.72,unblog.fr
com.lulu.Span,Tin,4.1,alexa.com
org.gnu.Domainer,Zamit,0.36,sohu.com
com.answers.Mat Lam Tam,Zontrax,8.62,hexun.com
com.skyrock.Tampflex,Fixflex,0.37,go.com
com.163.Sub-Ex,Sonair,9.8,last.fm
eu.europa.Zathin,Tresom,9.7,wp.com
com.shinystat.Y-find,Alphazap,3.1,about.me
com.list-manage.Voltsillam,Sonsing,4.2.2,ucla.edu
com.theglobeandmail.Matsoft,Alphazap,7.1,hatena.ne.jp
com.icq.Cookley,Asoka,4.3,spotify.com
la.51.Fixflex,Fintone,0.91,amazon.co.uk
com.moonfruit.Mat Lam Tam,Bytecard,6.0,sourceforge.net
com.howstuffworks.Pannier,Hatity,0.7.8,fotki.com
com.ehow.Lotstring,Job,0.10,blogtalkradio.com
org.redcross.Flexidy,Alpha,7.57,devhub.com
com.photobucket.Flexidy,Tin,7.0,who.int
com.theglobeandmail.Namfix,Ronstring,7.2.2,odnoklassniki.ru
ca.google.Fixflex,Prodder,1.15,ca.gov
